<NotepadPlus>
    <UserLang name="Assembly (MIPS)" ext="s">
        <Settings>
            <Global caseIgnored="no" />
            <TreatAsSymbol comment="no" commentLine="yes" />
            <Prefix words1="no" words2="no" words3="no" words4="yes" />
        </Settings>
        <KeywordLists>
            <Keywords name="Delimiters">&quot;&apos;0&quot;&apos;0</Keywords>
            <Keywords name="Folder+"></Keywords>
            <Keywords name="Folder-"></Keywords>
            <Keywords name="Operators">( ) ,</Keywords>
            <Keywords name="Comment">1 2 2: 0#</Keywords>
            <Keywords name="Words1">abs add addi addiu addu and andi div div divu divu mul mulo mulou mult multu neg negu nor not or ori rem remu rol ror sll sllv sra srav srl srlv sub subu xor xori b bczf bczt beq beqz bge bgeu bgez bgezal bgt bgtu bgtz ble bleu blez blt bltu bltz bltzal bne bnez j jal jalr jr seq sge sgeu sgt sgtu sle sleu slt slti sltiu sltu sne abs.d abs.s add.d add.s bc1f bc1t c.eq.d c.eq.s c.le.d c.le.s c.lt.d c.lt.s cvt.d.s cvt.d.w cvt.s.d cvt.s.w cvt.w.d cvt.w.s div.d div.s l.d l.s mfc1.d mov.d mov.s mul.d mul.s neg.d neg.s s.d s.s sub.d sub.s break nop rfe syscall la lb lbu ld lh lhu li lui lw lwcz lwl lwr mfcz mfhi mflo move mtcz mthi mtlo sb sd sh sw swcz swl swr ulh ulhu ulw ush usw</Keywords>
            <Keywords name="Words2">$a0 $a1 $a2 $a3 $at $fp $gp $k0 $k1 $ra $s0 $s1 $s2 $s3 $s4 $s5 $s6 $s7 $sp $t0 $t1 $t2 $t3 $t4 $t5 $t6 $t7 $t8 $t9 $v0 $v1 $zero $0 $1 $2 $3 $4 $5 $6 $7 $8 $9 $10 $11 $12 $13 $14 $15 $16 $17 $18 $19 $20 $21 $22 $23 $24 $25 $26 $27 $28 $29 $30 $31</Keywords>
            <Keywords name="Words3">.align .ascii .asciiz .byte .data .double .extern .float .globl .half .kdata .ktext .set .space .text .word</Keywords>
            <Keywords name="Words4">x</Keywords>
        </KeywordLists>
        <Styles>
            <WordsStyle name="DEFAULT" styleID="11" fgColor="FF0000" bgColor="FFFFFF" fontName="" fontStyle="1" />
            <WordsStyle name="FOLDEROPEN" styleID="12" fgColor="000000" bgColor="FFFFFF" fontName="" fontStyle="0" />
            <WordsStyle name="FOLDERCLOSE" styleID="13" fgColor="000000" bgColor="FFFFFF" fontName="" fontStyle="0" />
            <WordsStyle name="KEYWORD1" styleID="5" fgColor="0000FF" bgColor="FFFFFF" fontName="" fontStyle="1" />
            <WordsStyle name="KEYWORD2" styleID="6" fgColor="800000" bgColor="FFFFFF" fontName="" fontStyle="0" />
            <WordsStyle name="KEYWORD3" styleID="7" fgColor="CC00CC" bgColor="FFFFFF" fontName="" fontStyle="1" />
            <WordsStyle name="KEYWORD4" styleID="8" fgColor="000000" bgColor="FFFFFF" fontName="" fontStyle="0" />
            <WordsStyle name="COMMENT" styleID="1" fgColor="000000" bgColor="FFFFFF" fontName="" fontStyle="0" />
            <WordsStyle name="COMMENT LINE" styleID="2" fgColor="008000" bgColor="FFFFFF" fontName="" fontStyle="0" />
            <WordsStyle name="NUMBER" styleID="4" fgColor="000000" bgColor="FFFFFF" fontName="" fontStyle="0" />
            <WordsStyle name="OPERATOR" styleID="10" fgColor="000000" bgColor="FFFFFF" fontName="" fontStyle="0" />
            <WordsStyle name="DELIMINER1" styleID="14" fgColor="00008B" bgColor="FFFFFF" fontName="" fontStyle="0" />
            <WordsStyle name="DELIMINER2" styleID="15" fgColor="00008B" bgColor="FFFFFF" fontName="" fontStyle="0" />
            <WordsStyle name="DELIMINER3" styleID="16" fgColor="000000" bgColor="FFFFFF" fontName="" fontStyle="0" />
        </Styles>
    </UserLang>
</NotepadPlus>
